{"cameraMode":{"drawMode":0,"name":"Shaded","section":"Shading Mode"},"sceneLighting":true,"audioPlay":false,"sceneViewState":{"m_AlwaysRefresh":false,"showFog":true,"showSkybox":true,"showFlares":true,"showImageEffects":true,"showParticleSystems":true,"showVisualEffectGraphs":true,"m_FxEnabled":true},"in2DMode":false,"pivot":{"x":0.7176454067230225,"y":0.6700108051300049,"z":-0.10192489624023438},"rotation":{"x":0.061969704926013949,"y":0.7893532514572144,"z":-0.08079462498426438,"w":0.6054393649101257},"size":1.1844589710235596,"orthographic":false}